Parameter,Importance
T_max,0.19774069755723034
hidden_nodes,0.1671049087791915
amplitude_decay,0.14591672595844413
eta_min,0.12240638459965367
optimizer,0.11680478055922963
hidden_layers,0.09610404768093589
learning_rate,0.07491274530781535
batch_size,0.04774881131919257
activation,0.030971298289281517
weight_decay,0.00028959994902553256
